{"cameraMode":{"drawMode":0,"name":"Shaded","section":"Shading Mode"},"sceneLighting":true,"audioPlay":false,"sceneViewState":{"showFog":false,"showMaterialUpdate":false,"showSkybox":false,"showFlares":false,"showImageEffects":false,"showParticleSystems":false},"in2DMode":false,"pivot":{"x":34.86631774902344,"y":-64.62615203857422,"z":45.449684143066409},"rotation":{"x":-0.2921612858772278,"y":0.6809321045875549,"z":-0.34546220302581789,"w":-0.5758726000785828},"size":184.7705078125,"orthographic":false}